"Handle","Title","Price ILS","Shirt colour","Front print","Back print","Audience","Tag","Front image","Back image"
"vexo-original","Vexo Original","99","שחור","מרכז החזה · 11"" × 12.7""","קטן בגב העליון, מתחת לצווארון · 4.2"" × 4.7""","כולם · בעיקר 16–35","חולצת דגל","downloads/vexo-original/vexo-original-mockup-front.jpg","downloads/vexo-original/vexo-original-mockup-back.jpg"
"ghost-line","Ghost Line","99","לבן שבור","מרכז החזה · 11"" × 12.7""","קטן בגב העליון, מתחת לצווארון · 4.2"" × 4.7""","מינימליסטים · 20–35 · בנות ובנים","מינימליסטי","downloads/ghost-line/ghost-line-mockup-front.jpg","downloads/ghost-line/ghost-line-mockup-back.jpg"
"vexo-badge","Vexo Badge","109","לבנדר","חזה שמאל (מבט הלובש) · 3.4"" × 3.4""","הדפס גדול על הגב · 11"" × 11.5""","סטודנטים · 18–28","לוגו חזה","downloads/vexo-badge/vexo-badge-mockup-front.jpg","downloads/vexo-badge/vexo-badge-mockup-back.jpg"
"arcade-ghost","Arcade Ghost","109","שחור","מרכז החזה · 11"" × 12.7""","כיתוב גדול על הגב · 12"" × 13.2""","גיימרים · 14–30 · בעיקר בנים","גיימרים","downloads/arcade-ghost/arcade-ghost-mockup-front.jpg","downloads/arcade-ghost/arcade-ghost-mockup-back.jpg"
"grumpy-vexo","Grumpy Vexo","99","לבן שבור","מרכז החזה · 11"" × 12.7""","כיתוב גדול על הגב · 12"" × 12.8""","הומור סרקסטי · 18–35","הומור","downloads/grumpy-vexo/grumpy-vexo-mockup-front.jpg","downloads/grumpy-vexo/grumpy-vexo-mockup-back.jpg"
"seal-of-vexo","Seal of Vexo","109","שחור","חזה שמאל (מבט הלובש) · 3.4"" × 3.4""","הדפס גדול על הגב · 11"" × 11.5""","אוהבי סטריט קלאסי · 20–40","קלאסי","downloads/seal-of-vexo/seal-of-vexo-mockup-front.jpg","downloads/seal-of-vexo/seal-of-vexo-mockup-back.jpg"
"bean-buddy","Bean Buddy","99","לבנדר","מרכז החזה · 11"" × 12.7""","קטן בגב העליון, מתחת לצווארון · 4.2"" × 4.7""","נוער ונשים צעירות · 14–28","חמוד","downloads/bean-buddy/bean-buddy-mockup-front.jpg","downloads/bean-buddy/bean-buddy-mockup-back.jpg"
"vexo-zoom","Vexo Zoom","109","שחור","מרכז החזה · 11"" × 12.7""","קטן בגב העליון, מתחת לצווארון · 4.2"" × 4.7""","ספורטיביים ואנרגטיים · 16–30","אנרגיה","downloads/vexo-zoom/vexo-zoom-mockup-front.jpg","downloads/vexo-zoom/vexo-zoom-mockup-back.jpg"
"love-alien","Love Alien","109","לבן שבור","מרכז החזה · 11"" × 12.7""","כיתוב גדול על הגב · 12"" × 8.1""","זוגות ומתנות · נשים 18–35","מתנה","downloads/love-alien/love-alien-mockup-front.jpg","downloads/love-alien/love-alien-mockup-back.jpg"
"wink-wink","Wink Wink","99","סגול Vexo","מרכז החזה · 11"" × 12.7""","קטן בגב העליון, מתחת לצווארון · 4.2"" × 4.7""","צעירים חברתיים · 16–30","צבע מותג","downloads/wink-wink/wink-wink-mockup-front.jpg","downloads/wink-wink/wink-wink-mockup-back.jpg"
"vexo-app","Vexo App","109","שחור","חזה שמאל (מבט הלובש) · 3.4"" × 3.4""","הדפס גדול על הגב · 11"" × 11.5""","טכנולוגיים וסטארטאפיסטים · 22–40","טכנולוגי","downloads/vexo-app/vexo-app-mockup-front.jpg","downloads/vexo-app/vexo-app-mockup-back.jpg"
"big-iris","Big Iris","119","לבן שבור","הדפס גדול על כל החזה · 13"" × 12""","קטן בגב העליון, מתחת לצווארון · 4.2"" × 4.7""","אוהבי הדפסים גדולים · 18–35","הדפס גדול","downloads/big-iris/big-iris-mockup-front.jpg","downloads/big-iris/big-iris-mockup-back.jpg"
"chomp","Chomp","109","שחור","מרכז החזה · 11"" × 12.7""","כיתוב גדול על הגב · 12"" × 13.2""","גיימרים רטרו · 16–35","רטרו","downloads/chomp/chomp-mockup-front.jpg","downloads/chomp/chomp-mockup-back.jpg"
"thin-ring","Thin Ring","99","לבן שבור","חזה שמאל (מבט הלובש) · 3.4"" × 3.4""","קטן בגב העליון, מתחת לצווארון · 4.2"" × 4.7""","מינימליסטים · 20–40","נקי","downloads/thin-ring/thin-ring-mockup-front.jpg","downloads/thin-ring/thin-ring-mockup-back.jpg"
"pixel-vexo","Pixel Vexo","109","שחור","מרכז החזה · 11"" × 12.7""","כיתוב גדול על הגב · 12"" × 12.8""","גיימרים וגיקים · 14–35","גיימרים","downloads/pixel-vexo/pixel-vexo-mockup-front.jpg","downloads/pixel-vexo/pixel-vexo-mockup-back.jpg"
"peek","Peek","109","לבנדר","הדפס גדול על כל החזה · 13"" × 12""","קטן בגב העליון, מתחת לצווארון · 4.2"" × 4.7""","אוהבי עיצוב · 18–32","עיצוב חד","downloads/peek/peek-mockup-front.jpg","downloads/peek/peek-mockup-back.jpg"
"vexo-shield","Vexo Shield","109","אפור פחם","חזה שמאל (מבט הלובש) · 3.4"" × 3.4""","הדפס גדול על הגב · 11"" × 11.5""","נערים וגברים · 16–35","מסר","downloads/vexo-shield/vexo-shield-mockup-front.jpg","downloads/vexo-shield/vexo-shield-mockup-back.jpg"
"watcher","Watcher","99","שחור","מרכז החזה · 11"" × 12.7""","כיתוב גדול על הגב · 12"" × 13.2""","הומור אפל קליל · 18–35","הומור אפל","downloads/watcher/watcher-mockup-front.jpg","downloads/watcher/watcher-mockup-back.jpg"
"one-eye","One Eye","109","סגול Vexo","מרכז החזה · 11"" × 12.7""","קטן בגב העליון, מתחת לצווארון · 4.2"" × 4.7""","אינדיבידואליסטים · 16–35","ייחודי","downloads/one-eye/one-eye-mockup-front.jpg","downloads/one-eye/one-eye-mockup-back.jpg"
"vexo-orbit","Vexo Orbit","119","אפור פחם","מרכז החזה · 11"" × 12.7""","הדפס גדול על הגב · 11"" × 11.5""","חובבי חלל ופנטזיה · 16–40","פרימיום","downloads/vexo-orbit/vexo-orbit-mockup-front.jpg","downloads/vexo-orbit/vexo-orbit-mockup-back.jpg"
"mood-hey","Mood · Hey","99","לבן שבור","מרכז החזה · 11"" × 12.7""","קטן בגב העליון, מתחת לצווארון · 4.2"" × 4.7""","כולם · 14–35","סדרת Moods","downloads/mood-hey/mood-hey-mockup-front.jpg","downloads/mood-hey/mood-hey-mockup-back.jpg"
"mood-wink","Mood · Wink","99","לבנדר","מרכז החזה · 11"" × 12.7""","קטן בגב העליון, מתחת לצווארון · 4.2"" × 4.7""","צעירים · 14–30","סדרת Moods","downloads/mood-wink/mood-wink-mockup-front.jpg","downloads/mood-wink/mood-wink-mockup-back.jpg"
"mood-grr","Mood · Grr","99","לבן שבור","מרכז החזה · 11"" × 12.7""","קטן בגב העליון, מתחת לצווארון · 4.2"" × 4.7""","בנים · 14–28","סדרת Moods","downloads/mood-grr/mood-grr-mockup-front.jpg","downloads/mood-grr/mood-grr-mockup-back.jpg"
"mood-whoa","Mood · Whoa","99","שחור","מרכז החזה · 11"" × 12.7""","קטן בגב העליון, מתחת לצווארון · 4.2"" × 4.7""","כולם · 14–30","סדרת Moods","downloads/mood-whoa/mood-whoa-mockup-front.jpg","downloads/mood-whoa/mood-whoa-mockup-back.jpg"
"mood-crush","Mood · Crush","99","לבן שבור","מרכז החזה · 11"" × 12.7""","קטן בגב העליון, מתחת לצווארון · 4.2"" × 4.7""","נשים צעירות וזוגות · 14–30","סדרת Moods","downloads/mood-crush/mood-crush-mockup-front.jpg","downloads/mood-crush/mood-crush-mockup-back.jpg"
"mood-zzz","Mood · Zzz","99","שחור","מרכז החזה · 11"" × 12.7""","קטן בגב העליון, מתחת לצווארון · 4.2"" × 4.7""","ישנוניים · 14–40","סדרת Moods","downloads/mood-zzz/mood-zzz-mockup-front.jpg","downloads/mood-zzz/mood-zzz-mockup-back.jpg"
"angel-vexo","Angel Vexo","119","לבן שבור","מרכז החזה · 11"" × 12.7""","הדפס גדול על הגב · 11"" × 11.5""","נשים 16–35 · מתנות","מתנה · פרימיום","downloads/angel-vexo/angel-vexo-mockup-front.jpg","downloads/angel-vexo/angel-vexo-mockup-back.jpg"
